Test Number,Image Description,Path,Filename,Text,Config1,Config2,Config3,Config4,Config5,Config File Path,OUTPUT,Language
1,Text in Ariel font size 8pt,Pics\,Arial_8pt_186263.png,"THE FIVE BOXING WIZARDS JUMP QUICKLY
the five boxing wizards jump quickly",,,,,,,"THE FIVE BOXING WIZARDS JUMP QUICKLY
the five boxing wizards jump quickly",eng
2,Text in Ariel font size 9pt,Pics\,Arial_9pt_186263.png,"THE FIVE BOXING WIZARDS JUMP QUICKLY
the five boxing wizards jump quickly",,,,,,,"THE FIVE BOXING WIZARDS JUMP QUICKLY
the five boxing wizards jump quickly",eng
3,Text in Ariel font size 10pt,Pics\,Arial_10pt_186263.png,"THE FIVE BOXING WIZARDS JUMP QUICKLY
the five boxing wizards jump quickly",,,,,,,"THE FIVE BOXING WIZARDS JUMP QUICKLY
the five boxing wizards jump quickly",eng
4,Text in Ariel font size 11pt,Pics\,Arial_11pt_186263.png,"THE FIVE BOXING WIZARDS JUMP QUICKLY
the five boxing wizards jump quickly",,,,,,,"THE FIVE BOXING WIZARDS JUMP QUICKLY
the five boxing wizards jump quickly",eng
5,Text in Ariel font size 12pt,Pics\,Arial_12pt_186263.png,"THE FIVE BOXING WIZARDS JUMP QUICKLY
the five boxing wizards jump quickly",,,,,,,"THE FIVE BOXING WIZARDS JUMP QUICKLY
the five boxing wizards jump quickly",eng
6,Text in Ariel font size 14pt,Pics\,Arial_14pt_186263.png,"THE FIVE BOXING WIZARDS JUMP QUICKLY
the five boxing wizards jump quickly",,,,,,,"THE FIVE BOXING WIZARDS JUMP QUICKLY
the five boxing wizards jump quickly",eng
7,Text in Ariel font size 16pt,Pics\,Arial_16pt_186263.png,"THE FIVE BOXING WIZARDS JUMP QUICKLY
the five boxing wizards jump quickly",,,,,,,"THE FIVE BOXING WIZARDS JUMP QUICKLY
the five boxing wizards jump quickly",eng
8,Text in Ariel font size 18pt,Pics\,Arial_18pt_186263.png,"THE FIVE BOXING WIZARDS JUMP QUICKLY
the five boxing wizards jump quickly",,,,,,,"THE FIVE BOXING WIZARDS JUMP QUICKLY
the five boxing wizards jump quickly",eng
9,Text in Ariel font size 20pt,Pics\,Arial_20pt_186263.png,"THE FIVE BOXING WIZARDS JUMP QUICKLY
the five boxing wizards jump quickly",,,,,,,"THE FIVE BOXING WIZARDS JUMP QUICKLY
the five boxing wizards jump quickly",eng
10,Text in Ariel font size 22pt,Pics\,Arial_22pt_186263.png,"THE FIVE BOXING WIZARDS JUMP QUICKLY
the five boxing wizards jump quickly",,,,,,,"THE FIVE BOXING WIZARDS JUMP QUICKLY
the five boxing wizards jump quickly",eng
11,Text in Ariel font size 24pt,Pics\,Arial_24pt_186263.png,"THE FIVE BOXING WIZARDS JUMP QUICKLY
the five boxing wizards jump quickly",,,,,,,"THE FIVE BOXING WIZARDS JUMP QUICKLY
the five boxing wizards jump quickly",eng
12,Text in Ariel font size 26pt,Pics\,Arial_26pt_186263.png,"THE FIVE BOXING WIZARDS JUMP QUICKLY
the five boxing wizards jump quickly",,,,,,,"THE FIVE BOXING WIZARDS JUMP QUICKLY
the five boxing wizards jump quickly",eng
13,Text in Ariel font size 28pt,Pics\,Arial_28pt_186263.png,"THE FIVE BOXING WIZARDS JUMP QUICKLY
the five boxing wizards jump quickly",,,,,,,"THE FIVE BOXING WIZARDS JUMP QUICKLY
the five boxing wizards jump quickly",eng
14,Text in Ariel font size 36pt,Pics\,Arial_36pt_186263.png,"THE FIVE BOXING WIZARDS JUMP QUICKLY
the five boxing wizards jump quickly",,,,,,,"THE FIVE BOXING WIZARDS JUMP QUICKLY
the five boxing wizards jump quickly",eng
15,Text in Ariel font size 48pt,Pics\,Arial_48pt_186263.png,"THE FIVE BOXING WIZARDS JUMP QUICKLY
the five boxing wizards jump quickly",,,,,,,"THE FIVE BOXING WIZARDS JUMP QUICKLY
the five boxing wizards jump quickly",eng
16,Text in Ariel font size 72pt,Pics\,Arial_72pt_186263.png,"THE FIVE BOXING WIZARDS JUMP QUICKLY
the five boxing wizards jump quickly",,,,,,,"THE FIVE BOXING WIZARDS JUMP QUICKLY
the five boxing wizards jump quickly",eng
17,Text in Aharoni bold font size 8pt,Pics\,Aharoni Bold_8pt_087428.png,"THE QUICK BROWN FOX JUMPS OVER THE LAZY DOG
the quick brown fox jumps over the lazy dog",,,,,,,"THE QUICK BROWN FOX JUMPS OVER THE LAZY DOG
the quick brown fox jumps over the lazy dog",eng
18,Text in Aharoni bold font size 20pt,Pics\,Aharoni Bold_20pt_087428.png,"THE QUICK BROWN FOX JUMPS OVER THE LAZY DOG
the quick brown fox jumps over the lazy dog",,,,,,,"THE QUICK BROWN FOX JUMPS OVER THE LAZY DOG
the quick brown fox jumps over the lazy dog",eng
19,Text in Aharoni bold font size 72pt,Pics\,Aharoni Bold_72pt_087428.png,"THE QUICK BROWN FOX JUMPS OVER THE LAZY DOG
the quick brown fox jumps over the lazy dog",,,,,,,"THE QUICK BROWN FOX JUMPS OVER THE LAZY DOG
the quick brown fox jumps over the lazy dog",eng
20,Text in Arial black font size 8pt,Pics\,Arial Black_8pt_087428.png,"THE QUICK BROWN FOX JUMPS OVER THE LAZY DOG
the quick brown fox jumps over the lazy dog",,,,,,,"THE QUICK BROWN FOX JUMPS OVER THE LAZY DOG
the quick brown fox jumps over the lazy dog",eng
21,Text in Arial black font size 20pt,Pics\,Arial Black_20pt_087428.png,"THE QUICK BROWN FOX JUMPS OVER THE LAZY DOG
the quick brown fox jumps over the lazy dog",,,,,,,"THE QUICK BROWN FOX JUMPS OVER THE LAZY DOG
the quick brown fox jumps over the lazy dog",eng
22,Text in Arial black font size 72pt,Pics\,Arial Black_72pt_087428.png,"THE QUICK BROWN FOX JUMPS OVER THE LAZY DOG
the quick brown fox jumps over the lazy dog",,,,,,,"THE QUICK BROWN FOX JUMPS OVER THE LAZY DOG
the quick brown fox jumps over the lazy dog",eng
23,Text in Arial font size 8pt,Pics\,Arial_8pt_087428.png,"THE QUICK BROWN FOX JUMPS OVER THE LAZY DOG
the quick brown fox jumps over the lazy dog",,,,,,,"THE QUICK BROWN FOX JUMPS OVER THE LAZY DOG
the quick brown fox jumps over the lazy dog",eng
24,Text in Arial font size 20pt,Pics\,Arial_20pt_087428.png,"THE QUICK BROWN FOX JUMPS OVER THE LAZY DOG
the quick brown fox jumps over the lazy dog",,,,,,,"THE QUICK BROWN FOX JUMPS OVER THE LAZY DOG
the quick brown fox jumps over the lazy dog",eng
25,Text in Arial font size 72pt,Pics\,Arial_72pt_087428.png,"THE QUICK BROWN FOX JUMPS OVER THE LAZY DOG
the quick brown fox jumps over the lazy dog",,,,,,,"THE QUICK BROWN FOX JUMPS OVER THE LAZY DOG
the quick brown fox jumps over the lazy dog",eng
26,Text in Bahnschrift font size 8pt,Pics\,Bahnschrift_8pt_087428.png,"THE QUICK BROWN FOX JUMPS OVER THE LAZY DOG
the quick brown fox jumps over the lazy dog",,,,,,,"THE QUICK BROWN FOX JUMPS OVER THE LAZY DOG
the quick brown fox jumps over the lazy dog",eng
27,Text in Bahnschrift font size 20pt,Pics\,Bahnschrift_20pt_087428.png,"THE QUICK BROWN FOX JUMPS OVER THE LAZY DOG
the quick brown fox jumps over the lazy dog",,,,,,,"THE QUICK BROWN FOX JUMPS OVER THE LAZY DOG
the quick brown fox jumps over the lazy dog",eng
28,Text in Bahnschrift font size 72pt,Pics\,Bahnschrift_72pt_087428.png,"THE QUICK BROWN FOX JUMPS OVER THE LAZY DOG
the quick brown fox jumps over the lazy dog",,,,,,,"THE QUICK BROWN FOX JUMPS OVER THE LAZY DOG
the quick brown fox jumps over the lazy dog",eng
29,Text in Calibri font size 8pt,Pics\,Calibri_8pt_087428.png,"THE QUICK BROWN FOX JUMPS OVER THE LAZY DOG
the quick brown fox jumps over the lazy dog",,,,,,,"THE QUICK BROWN FOX JUMPS OVER THE LAZY DOG
the quick brown fox jumps over the lazy dog",eng
30,Text in Calibri font size 20pt,Pics\,Calibri_20pt_087428.png,"THE QUICK BROWN FOX JUMPS OVER THE LAZY DOG
the quick brown fox jumps over the lazy dog",,,,,,,"THE QUICK BROWN FOX JUMPS OVER THE LAZY DOG
the quick brown fox jumps over the lazy dog",eng
31,Text in Calibri font size 72pt,Pics\,Calibri_72pt_087428.png,"THE QUICK BROWN FOX JUMPS OVER THE LAZY DOG
the quick brown fox jumps over the lazy dog",,,,,,,"THE QUICK BROWN FOX JUMPS OVER THE LAZY DOG
the quick brown fox jumps over the lazy dog",eng
32,Text in Cambria font size 8pt,Pics\,Cambria_8pt_087428.png,"THE QUICK BROWN FOX JUMPS OVER THE LAZY DOG
the quick brown fox jumps over the lazy dog",,,,,,,"THE QUICK BROWN FOX JUMPS OVER THE LAZY DOG
the quick brown fox jumps over the lazy dog",eng
33,Text in Cambria font size 20pt,Pics\,Cambria_20pt_087428.png,"THE QUICK BROWN FOX JUMPS OVER THE LAZY DOG
the quick brown fox jumps over the lazy dog",,,,,,,"THE QUICK BROWN FOX JUMPS OVER THE LAZY DOG
the quick brown fox jumps over the lazy dog",eng
34,Text In Cambria font size 72pt,Pics\,Cambria_72pt_087428.png,"THE QUICK BROWN FOX JUMPS OVER THE LAZY DOG
the quick brown fox jumps over the lazy dog",,,,,,,"THE QUICK BROWN FOX JUMPS OVER THE LAZY DOG
the quick brown fox jumps over the lazy dog",eng
35,Text in Cambria Math font size 8pt,Pics\,Cambria Math_8pt_087428.png,"THE QUICK BROWN FOX JUMPS OVER THE LAZY DOG
the quick brown fox jumps over the lazy dog",,,,,,,"THE QUICK BROWN FOX JUMPS OVER THE LAZY DOG
the quick brown fox jumps over the lazy dog",eng
36,Text in Cambria Math font size 20pt,Pics\,Cambria Math_20pt_087428.png,"THE QUICK BROWN FOX JUMPS OVER THE LAZY DOG
the quick brown fox jumps over the lazy dog",,,,,,,"THE QUICK BROWN FOX JUMPS OVER THE LAZY DOG
the quick brown fox jumps over the lazy dog",eng
37,Text in Cambria Math font size 72pt,Pics\,Cambria Math_72pt_087428.png,"THE QUICK BROWN FOX JUMPS OVER THE LAZY DOG
the quick brown fox jumps over the lazy dog",,,,,,,"THE QUICK BROWN FOX JUMPS OVER THE LAZY DOG
the quick brown fox jumps over the lazy dog",eng
38,Text in Candara font size 8pt,Pics\,Candara_8pt_087428.png,"THE QUICK BROWN FOX JUMPS OVER THE LAZY DOG
the quick brown fox jumps over the lazy dog",,,,,,,"THE QUICK BROWN FOX JUMPS OVER THE LAZY DOG
the quick brown fox jumps over the lazy dog",eng
39,Text in Candara font size 20pt,Pics\,Candara_20pt_087428.png,"THE QUICK BROWN FOX JUMPS OVER THE LAZY DOG
the quick brown fox jumps over the lazy dog",,,,,,,"THE QUICK BROWN FOX JUMPS OVER THE LAZY DOG
the quick brown fox jumps over the lazy dog",eng
40,Text in Candara font size 72pt,Pics\,Candara_72pt_087428.png,"THE QUICK BROWN FOX JUMPS OVER THE LAZY DOG
the quick brown fox jumps over the lazy dog",,,,,,,"THE QUICK BROWN FOX JUMPS OVER THE LAZY DOG
the quick brown fox jumps over the lazy dog",eng
41,Text in Comic Sans MS font size 8pt,Pics\,Comic Sans MS_8pt_087428.png,"THE QUICK BROWN FOX JUMPS OVER THE LAZY DOG
the quick brown fox jumps over the lazy dog",,,,,,,"THE QUICK BROWN FOX JUMPS OVER THE LAZY DOG
the quick brown fox jumps over the lazy dog",eng
42,Text in Comic Sans MS font size 20pt,Pics\,Comic Sans MS_20pt_087428.png,"THE QUICK BROWN FOX JUMPS OVER THE LAZY DOG
the quick brown fox jumps over the lazy dog",,,,,,,"THE QUICK BROWN FOX JUMPS OVER THE LAZY DOG
the quick brown fox jumps over the lazy dog",eng
43,Text in Comic Sans MS font size 72pt,Pics\,Comic Sans MS_72pt_087428.png,"THE QUICK BROWN FOX JUMPS OVER THE LAZY DOG
the quick brown fox jumps over the lazy dog",,,,,,,"THE QUICK BROWN FOX JUMPS OVER THE LAZY DOG
the quick brown fox jumps over the lazy dog",eng
44,Text in Consolas font size 8pt,Pics\,Consolas_8pt_087428.png,"THE QUICK BROWN FOX JUMPS OVER THE LAZY DOG
the quick brown fox jumps over the lazy dog",,,,,,,"THE QUICK BROWN FOX JUMPS OVER THE LAZY DOG
the quick brown fox jumps over the lazy dog",eng
45,Text in Consolas font size 20pt,Pics\,Consolas_20pt_087428.png,"THE QUICK BROWN FOX JUMPS OVER THE LAZY DOG
the quick brown fox jumps over the lazy dog",,,,,,,"THE QUICK BROWN FOX JUMPS OVER THE LAZY DOG
the quick brown fox jumps over the lazy dog",eng
46,Text in Consolas font size 72pt,Pics\,Consolas_72pt_087428.png,"THE QUICK BROWN FOX JUMPS OVER THE LAZY DOG
the quick brown fox jumps over the lazy dog",,,,,,,"THE QUICK BROWN FOX JUMPS OVER THE LAZY DOG
the quick brown fox jumps over the lazy dog",eng
47,Text in Constantia font size 8pt,Pics\,Constantia_8pt_087428.png,"THE QUICK BROWN FOX JUMPS OVER THE LAZY DOG
the quick brown fox jumps over the lazy dog",,,,,,,"THE QUICK BROWN FOX JUMPS OVER THE LAZY DOG
the quick brown fox jumps over the lazy dog",eng
48,Text in Constantia font size 20pt,Pics\,Constantia_20pt_087428.png,"THE QUICK BROWN FOX JUMPS OVER THE LAZY DOG
the quick brown fox jumps over the lazy dog",,,,,,,"THE QUICK BROWN FOX JUMPS OVER THE LAZY DOG
the quick brown fox jumps over the lazy dog",eng
49,Text in Constantia font size 72pt,Pics\,Constantia_72pt_087428.png,"THE QUICK BROWN FOX JUMPS OVER THE LAZY DOG
the quick brown fox jumps over the lazy dog",,,,,,,"THE QUICK BROWN FOX JUMPS OVER THE LAZY DOG
the quick brown fox jumps over the lazy dog",eng
50,Text in Corbel font size 8pt,Pics\,Corbel_8pt_087428.png,"THE QUICK BROWN FOX JUMPS OVER THE LAZY DOG
the quick brown fox jumps over the lazy dog",,,,,,,"THE QUICK BROWN FOX JUMPS OVER THE LAZY DOG
the quick brown fox jumps over the lazy dog",eng
51,Text in Corbel font size 20pt,Pics\,Corbel_20pt_087428.png,"THE QUICK BROWN FOX JUMPS OVER THE LAZY DOG
the quick brown fox jumps over the lazy dog",,,,,,,"THE QUICK BROWN FOX JUMPS OVER THE LAZY DOG
the quick brown fox jumps over the lazy dog",eng
52,Text in Corbel font size 72pt,Pics\,Corbel_72pt_087428.png,"THE QUICK BROWN FOX JUMPS OVER THE LAZY DOG
the quick brown fox jumps over the lazy dog",,,,,,,"THE QUICK BROWN FOX JUMPS OVER THE LAZY DOG
the quick brown fox jumps over the lazy dog",eng
53,Text in Courier New font size 8pt,Pics\,Courier New_8pt_087428.png,"THE QUICK BROWN FOX JUMPS OVER THE LAZY DOG
the quick brown fox jumps over the lazy dog",,,,,,,"THE QUICK BROWN FOX JUMPS OVER THE LAZY DOG
the quick brown fox jumps over the lazy dog",eng
54,Text in Courier New font size 20pt,Pics\,Courier New_20pt_087428.png,"THE QUICK BROWN FOX JUMPS OVER THE LAZY DOG
the quick brown fox jumps over the lazy dog",,,,,,,"THE QUICK BROWN FOX JUMPS OVER THE LAZY DOG
the quick brown fox jumps over the lazy dog",eng
55,Text in Courier New font size 72pt,Pics\,Courier New_72pt_087428.png,"THE QUICK BROWN FOX JUMPS OVER THE LAZY DOG
the quick brown fox jumps over the lazy dog",,,,,,,"THE QUICK BROWN FOX JUMPS OVER THE LAZY DOG
the quick brown fox jumps over the lazy dog",eng
56,Text in David font size 8pt,Pics\,David_8pt_087428.png,"THE QUICK BROWN FOX JUMPS OVER THE LAZY DOG
the quick brown fox jumps over the lazy dog",,,,,,,"THE QUICK BROWN FOX JUMPS OVER THE LAZY DOG
the quick brown fox jumps over the lazy dog",eng
57,Text in David font size 20pt,Pics\,David_20pt_087428.png,"THE QUICK BROWN FOX JUMPS OVER THE LAZY DOG
the quick brown fox jumps over the lazy dog",,,,,,,"THE QUICK BROWN FOX JUMPS OVER THE LAZY DOG
the quick brown fox jumps over the lazy dog",eng
58,Text in David font size 72pt,Pics\,David_72pt_087428.png,"THE QUICK BROWN FOX JUMPS OVER THE LAZY DOG
the quick brown fox jumps over the lazy dog",,,,,,,"THE QUICK BROWN FOX JUMPS OVER THE LAZY DOG
the quick brown fox jumps over the lazy dog",eng
59,Text in David Bold font size 8pt,Pics\,David Bold_8pt_087428.png,"THE QUICK BROWN FOX JUMPS OVER THE LAZY DOG
the quick brown fox jumps over the lazy dog",,,,,,,"THE QUICK BROWN FOX JUMPS OVER THE LAZY DOG
the quick brown fox jumps over the lazy dog",eng
60,Text in David Bold font size 20pt,Pics\,David Bold_20pt_087428.png,"THE QUICK BROWN FOX JUMPS OVER THE LAZY DOG
the quick brown fox jumps over the lazy dog",,,,,,,"THE QUICK BROWN FOX JUMPS OVER THE LAZY DOG
the quick brown fox jumps over the lazy dog",eng
61,Text in David Bold font size 72pt,Pics\,David Bold_72pt_087428.png,"THE QUICK BROWN FOX JUMPS OVER THE LAZY DOG
the quick brown fox jumps over the lazy dog",,,,,,,"THE QUICK BROWN FOX JUMPS OVER THE LAZY DOG
the quick brown fox jumps over the lazy dog",eng
62,Text in Ebrima font size 8pt,Pics\,Ebrima_8pt_087428.png,"THE QUICK BROWN FOX JUMPS OVER THE LAZY DOG
the quick brown fox jumps over the lazy dog",,,,,,,"THE QUICK BROWN FOX JUMPS OVER THE LAZY DOG
the quick brown fox jumps over the lazy dog",eng
63,Text in Ebrima font size 20pt,Pics\,Ebrima_20pt_087428.png,"THE QUICK BROWN FOX JUMPS OVER THE LAZY DOG
the quick brown fox jumps over the lazy dog",,,,,,,"THE QUICK BROWN FOX JUMPS OVER THE LAZY DOG
the quick brown fox jumps over the lazy dog",eng
64,Text in Ebrima font size 72pt,Pics\,Ebrima_72pt_087428.png,"THE QUICK BROWN FOX JUMPS OVER THE LAZY DOG
the quick brown fox jumps over the lazy dog",,,,,,,"THE QUICK BROWN FOX JUMPS OVER THE LAZY DOG
the quick brown fox jumps over the lazy dog",eng
65,Text in Forte font size 8pt,Pics\,Forte_8pt_087428.png,"THE QUICK BROWN FOX JUMPS OVER THE LAZY DOG
the quick brown fox jumps over the lazy dog",,,,,,,"THE QUICK BROWN FOX JUMPS OVER THE LAZY DOG
the quick brown fox jumps over the lazy dog",eng
66,Text in Forte font size 20pt,Pics\,Forte_20pt_087428.png,"THE QUICK BROWN FOX JUMPS OVER THE LAZY DOG
the quick brown fox jumps over the lazy dog",,,,,,,"THE QUICK BROWN FOX JUMPS OVER THE LAZY DOG
the quick brown fox jumps over the lazy dog",eng
67,Text in Forte font size 72pt,Pics\,Forte_72pt_087428.png,"THE QUICK BROWN FOX JUMPS OVER THE LAZY DOG
the quick brown fox jumps over the lazy dog",,,,,,,"THE QUICK BROWN FOX JUMPS OVER THE LAZY DOG
the quick brown fox jumps over the lazy dog",eng
68,Text in Franklin Gothic Medium font size 8pt,Pics\,Franklin Gothic Medium_8pt_087428.png,"THE QUICK BROWN FOX JUMPS OVER THE LAZY DOG
the quick brown fox jumps over the lazy dog",,,,,,,"THE QUICK BROWN FOX JUMPS OVER THE LAZY DOG
the quick brown fox jumps over the lazy dog",eng
69,Text in Franklin Gothic Medium font size 20pt,Pics\,Franklin Gothic Medium_20pt_087428.png,"THE QUICK BROWN FOX JUMPS OVER THE LAZY DOG
the quick brown fox jumps over the lazy dog",,,,,,,"THE QUICK BROWN FOX JUMPS OVER THE LAZY DOG
the quick brown fox jumps over the lazy dog",eng
70,Text in Franklin Gothic Medium font size 72pt,Pics\,Franklin Gothic Medium_72pt_087428.png,"THE QUICK BROWN FOX JUMPS OVER THE LAZY DOG
the quick brown fox jumps over the lazy dog",,,,,,,"THE QUICK BROWN FOX JUMPS OVER THE LAZY DOG
the quick brown fox jumps over the lazy dog",eng
71,Text in FrankRuehl font size 8pt,Pics\,FrankRuehl_8pt_087428.png,"THE QUICK BROWN FOX JUMPS OVER THE LAZY DOG
the quick brown fox jumps over the lazy dog",,,,,,,"THE QUICK BROWN FOX JUMPS OVER THE LAZY DOG
the quick brown fox jumps over the lazy dog",eng
72,Text in FrankRuehl font size 20pt,Pics\,FrankRuehl_20pt_087428.png,"THE QUICK BROWN FOX JUMPS OVER THE LAZY DOG
the quick brown fox jumps over the lazy dog",,,,,,,"THE QUICK BROWN FOX JUMPS OVER THE LAZY DOG
the quick brown fox jumps over the lazy dog",eng
73,Text in FrankRuehl font size 72pt,Pics\,FrankRuehl_72pt_087428.png,"THE QUICK BROWN FOX JUMPS OVER THE LAZY DOG
the quick brown fox jumps over the lazy dog",,,,,,,"THE QUICK BROWN FOX JUMPS OVER THE LAZY DOG
the quick brown fox jumps over the lazy dog",eng
74,Text in Gabriola font size 8pt,Pics\,Gabriola_8pt_087428.png,"THE QUICK BROWN FOX JUMPS OVER THE LAZY DOG
the quick brown fox jumps over the lazy dog",,,,,,,"THE QUICK BROWN FOX JUMPS OVER THE LAZY DOG
the quick brown fox jumps over the lazy dog",eng
75,Text in Gabriola font size 20pt,Pics\,Gabriola_20pt_087428.png,"THE QUICK BROWN FOX JUMPS OVER THE LAZY DOG
the quick brown fox jumps over the lazy dog",,,,,,,"THE QUICK BROWN FOX JUMPS OVER THE LAZY DOG
the quick brown fox jumps over the lazy dog",eng
76,Text in Gabriola font size 72pt,Pics\,Gabriola_72pt_087428.png,"THE QUICK BROWN FOX JUMPS OVER THE LAZY DOG
the quick brown fox jumps over the lazy dog",,,,,,,"THE QUICK BROWN FOX JUMPS OVER THE LAZY DOG
the quick brown fox jumps over the lazy dog",eng
77,Text in Gadugi font size 8pt,Pics\,Gadugi_8pt_087428.png,"THE QUICK BROWN FOX JUMPS OVER THE LAZY DOG
the quick brown fox jumps over the lazy dog",,,,,,,"THE QUICK BROWN FOX JUMPS OVER THE LAZY DOG
the quick brown fox jumps over the lazy dog",eng
78,Text in Gadugi font size 20pt,Pics\,Gadugi_20pt_087428.png,"THE QUICK BROWN FOX JUMPS OVER THE LAZY DOG
the quick brown fox jumps over the lazy dog",,,,,,,"THE QUICK BROWN FOX JUMPS OVER THE LAZY DOG
the quick brown fox jumps over the lazy dog",eng
79,Text in Gadugi font size 72pt,Pics\,Gadugi_72pt_087428.png,"THE QUICK BROWN FOX JUMPS OVER THE LAZY DOG
the quick brown fox jumps over the lazy dog",,,,,,,"THE QUICK BROWN FOX JUMPS OVER THE LAZY DOG
the quick brown fox jumps over the lazy dog",eng
80,Text in Georgia font size 8pt,Pics\,Georgia_8pt_087428.png,"THE QUICK BROWN FOX JUMPS OVER THE LAZY DOG
the quick brown fox jumps over the lazy dog",,,,,,,"THE QUICK BROWN FOX JUMPS OVER THE LAZY DOG
the quick brown fox jumps over the lazy dog",eng
81,Text in Georgia font size 20pt,Pics\,Georgia_20pt_087428.png,"THE QUICK BROWN FOX JUMPS OVER THE LAZY DOG
the quick brown fox jumps over the lazy dog",,,,,,,"THE QUICK BROWN FOX JUMPS OVER THE LAZY DOG
the quick brown fox jumps over the lazy dog",eng
82,Text in Georgia font size 72pt,Pics\,Georgia_72pt_087428.png,"THE QUICK BROWN FOX JUMPS OVER THE LAZY DOG
the quick brown fox jumps over the lazy dog",,,,,,,"THE QUICK BROWN FOX JUMPS OVER THE LAZY DOG
the quick brown fox jumps over the lazy dog",eng
83,Text in Gisha font size 8pt,Pics\,Gisha_8pt_087428.png,"THE QUICK BROWN FOX JUMPS OVER THE LAZY DOG
the quick brown fox jumps over the lazy dog",,,,,,,"THE QUICK BROWN FOX JUMPS OVER THE LAZY DOG
the quick brown fox jumps over the lazy dog",eng
84,Text in Gisha font size 20pt,Pics\,Gisha_20pt_087428.png,"THE QUICK BROWN FOX JUMPS OVER THE LAZY DOG
the quick brown fox jumps over the lazy dog",,,,,,,"THE QUICK BROWN FOX JUMPS OVER THE LAZY DOG
the quick brown fox jumps over the lazy dog",eng
85,Text in Gisha font size 72pt,Pics\,Gisha_72pt_087428.png,"THE QUICK BROWN FOX JUMPS OVER THE LAZY DOG
the quick brown fox jumps over the lazy dog",,,,,,,"THE QUICK BROWN FOX JUMPS OVER THE LAZY DOG
the quick brown fox jumps over the lazy dog",eng
86,Text in Gisha Bold font size 8pt,Pics\,Gisha Bold_8pt_087428.png,"THE QUICK BROWN FOX JUMPS OVER THE LAZY DOG
the quick brown fox jumps over the lazy dog",,,,,,,"THE QUICK BROWN FOX JUMPS OVER THE LAZY DOG
the quick brown fox jumps over the lazy dog",eng
87,Text in Gisha Bold font size 20pt,Pics\,Gisha Bold_20pt_087428.png,"THE QUICK BROWN FOX JUMPS OVER THE LAZY DOG
the quick brown fox jumps over the lazy dog",,,,,,,"THE QUICK BROWN FOX JUMPS OVER THE LAZY DOG
the quick brown fox jumps over the lazy dog",eng
88,Text in Gisha Bold font size 72pt,Pics\,Gisha Bold_72pt_087428.png,"THE QUICK BROWN FOX JUMPS OVER THE LAZY DOG
the quick brown fox jumps over the lazy dog",,,,,,,"THE QUICK BROWN FOX JUMPS OVER THE LAZY DOG
the quick brown fox jumps over the lazy dog",eng
89,Text in Impact font size 8pt,Pics\,Impact_8pt_087428.png,"THE QUICK BROWN FOX JUMPS OVER THE LAZY DOG
the quick brown fox jumps over the lazy dog",,,,,,,"THE QUICK BROWN FOX JUMPS OVER THE LAZY DOG
the quick brown fox jumps over the lazy dog",eng
90,Text in Impact font size 20pt,Pics\,Impact_20pt_087428.png,"THE QUICK BROWN FOX JUMPS OVER THE LAZY DOG
the quick brown fox jumps over the lazy dog",,,,,,,"THE QUICK BROWN FOX JUMPS OVER THE LAZY DOG
the quick brown fox jumps over the lazy dog",eng
91,Text in Impact font size 72pt,Pics\,Impact_72pt_087428.png,"THE QUICK BROWN FOX JUMPS OVER THE LAZY DOG
the quick brown fox jumps over the lazy dog",,,,,,,"THE QUICK BROWN FOX JUMPS OVER THE LAZY DOG
the quick brown fox jumps over the lazy dog",eng
92,Text in Ink Free font size 8pt,Pics\,Ink Free_8pt_087428.png,"THE QUICK BROWN FOX JUMPS OVER THE LAZY DOG
the quick brown fox jumps over the lazy dog",,,,,,,"THE QUICK BROWN FOX JUMPS OVER THE LAZY DOG
the quick brown fox jumps over the lazy dog",eng
93,Text in Ink Free font size 20pt,Pics\,Ink Free_20pt_087428.png,"THE QUICK BROWN FOX JUMPS OVER THE LAZY DOG
the quick brown fox jumps over the lazy dog",,,,,,,"THE QUICK BROWN FOX JUMPS OVER THE LAZY DOG
the quick brown fox jumps over the lazy dog",eng
94,Text in Ink Free font size 72pt,Pics\,Ink Free_72pt_087428.png,"THE QUICK BROWN FOX JUMPS OVER THE LAZY DOG
the quick brown fox jumps over the lazy dog",,,,,,,"THE QUICK BROWN FOX JUMPS OVER THE LAZY DOG
the quick brown fox jumps over the lazy dog",eng
95,Text in Levenim MT font size 8pt,Pics\,Levenim MT_8pt_087428.png,"THE QUICK BROWN FOX JUMPS OVER THE LAZY DOG
the quick brown fox jumps over the lazy dog",,,,,,,"THE QUICK BROWN FOX JUMPS OVER THE LAZY DOG
the quick brown fox jumps over the lazy dog",eng
96,Text in Levenim MT font size 20pt,Pics\,Levenim MT_20pt_087428.png,"THE QUICK BROWN FOX JUMPS OVER THE LAZY DOG
the quick brown fox jumps over the lazy dog",,,,,,,"THE QUICK BROWN FOX JUMPS OVER THE LAZY DOG
the quick brown fox jumps over the lazy dog",eng
97,Text in Levenim MT font size 72pt,Pics\,Levenim MT_72pt_087428.png,"THE QUICK BROWN FOX JUMPS OVER THE LAZY DOG
the quick brown fox jumps over the lazy dog",,,,,,,"THE QUICK BROWN FOX JUMPS OVER THE LAZY DOG
the quick brown fox jumps over the lazy dog",eng
98,Text in Levenim MT Bold font size 8pt,Pics\,Levenim MT Bold_8pt_087428.png,"THE QUICK BROWN FOX JUMPS OVER THE LAZY DOG
the quick brown fox jumps over the lazy dog",,,,,,,"THE QUICK BROWN FOX JUMPS OVER THE LAZY DOG
the quick brown fox jumps over the lazy dog",eng
99,Text in Levenim MT Bold font size 20pt,Pics\,Levenim MT Bold_20pt_087428.png,"THE QUICK BROWN FOX JUMPS OVER THE LAZY DOG
the quick brown fox jumps over the lazy dog",,,,,,,"THE QUICK BROWN FOX JUMPS OVER THE LAZY DOG
the quick brown fox jumps over the lazy dog",eng
100,Text in Levenim MT Bold font size 72pt,Pics\,Levenim MT Bold_72pt_087428.png,"THE QUICK BROWN FOX JUMPS OVER THE LAZY DOG
the quick brown fox jumps over the lazy dog",,,,,,,"THE QUICK BROWN FOX JUMPS OVER THE LAZY DOG
the quick brown fox jumps over the lazy dog",eng
101,Text in Lucida Console font size 8pt,Pics\,Lucida Console_8pt_087428.png,"THE QUICK BROWN FOX JUMPS OVER THE LAZY DOG
the quick brown fox jumps over the lazy dog",,,,,,,"THE QUICK BROWN FOX JUMPS OVER THE LAZY DOG
the quick brown fox jumps over the lazy dog",eng
102,Text in Lucida Console font size 20pt,Pics\,Lucida Console_20pt_087428.png,"THE QUICK BROWN FOX JUMPS OVER THE LAZY DOG
the quick brown fox jumps over the lazy dog",,,,,,,"THE QUICK BROWN FOX JUMPS OVER THE LAZY DOG
the quick brown fox jumps over the lazy dog",eng
103,Text in Lucida Console font size 72pt,Pics\,Lucida Console_72pt_087428.png,"THE QUICK BROWN FOX JUMPS OVER THE LAZY DOG
the quick brown fox jumps over the lazy dog",,,,,,,"THE QUICK BROWN FOX JUMPS OVER THE LAZY DOG
the quick brown fox jumps over the lazy dog",eng
104,Text in Lucida Sans Unicode font size 8pt,Pics\,Lucida Sans Unicode_8pt_087428.png,"THE QUICK BROWN FOX JUMPS OVER THE LAZY DOG
the quick brown fox jumps over the lazy dog",,,,,,,"THE QUICK BROWN FOX JUMPS OVER THE LAZY DOG
the quick brown fox jumps over the lazy dog",eng
105,Text in Lucida Sans Unicode font size 20pt,Pics\,Lucida Sans Unicode_20pt_087428.png,"THE QUICK BROWN FOX JUMPS OVER THE LAZY DOG
the quick brown fox jumps over the lazy dog",,,,,,,"THE QUICK BROWN FOX JUMPS OVER THE LAZY DOG
the quick brown fox jumps over the lazy dog",eng
106,Text in Lucida Sans Unicode font size 72pt,Pics\,Lucida Sans Unicode_72pt_087428.png,"THE QUICK BROWN FOX JUMPS OVER THE LAZY DOG
the quick brown fox jumps over the lazy dog",,,,,,,"THE QUICK BROWN FOX JUMPS OVER THE LAZY DOG
the quick brown fox jumps over the lazy dog",eng
107,Text in Marlett font size 8pt,Pics\,Marlett_8pt_087428.png,"THE QUICK BROWN FOX JUMPS OVER THE LAZY DOG
the quick brown fox jumps over the lazy dog",,,,,,,"THE QUICK BROWN FOX JUMPS OVER THE LAZY DOG
the quick brown fox jumps over the lazy dog",eng
108,Text in Marlett font size 20pt,Pics\,Marlett_20pt_087428.png,"THE QUICK BROWN FOX JUMPS OVER THE LAZY DOG
the quick brown fox jumps over the lazy dog",,,,,,,"THE QUICK BROWN FOX JUMPS OVER THE LAZY DOG
the quick brown fox jumps over the lazy dog",eng
109,Text in Marlett font size 72pt,Pics\,Marlett_72pt_087428.png,"THE QUICK BROWN FOX JUMPS OVER THE LAZY DOG
the quick brown fox jumps over the lazy dog",,,,,,,"THE QUICK BROWN FOX JUMPS OVER THE LAZY DOG
the quick brown fox jumps over the lazy dog",eng
110,Text in Microsoft Sans Serif font size 8pt,Pics\,Microsoft Sans Serif_8pt_087428.png,"THE QUICK BROWN FOX JUMPS OVER THE LAZY DOG
the quick brown fox jumps over the lazy dog",,,,,,,"THE QUICK BROWN FOX JUMPS OVER THE LAZY DOG
the quick brown fox jumps over the lazy dog",eng
111,Text in Microsoft Sans Serif font size 20pt,Pics\,Microsoft Sans Serif_20pt_087428.png,"THE QUICK BROWN FOX JUMPS OVER THE LAZY DOG
the quick brown fox jumps over the lazy dog",,,,,,,"THE QUICK BROWN FOX JUMPS OVER THE LAZY DOG
the quick brown fox jumps over the lazy dog",eng
112,Text in Microsoft Sans Serif font size 72pt,Pics\,Microsoft Sans Serif_72pt_087428.png,"THE QUICK BROWN FOX JUMPS OVER THE LAZY DOG
the quick brown fox jumps over the lazy dog",,,,,,,"THE QUICK BROWN FOX JUMPS OVER THE LAZY DOG
the quick brown fox jumps over the lazy dog",eng
113,Text in Miriam font size 8pt,Pics\,Miriam_8pt_087428.png,"THE QUICK BROWN FOX JUMPS OVER THE LAZY DOG
the quick brown fox jumps over the lazy dog",,,,,,,"THE QUICK BROWN FOX JUMPS OVER THE LAZY DOG
the quick brown fox jumps over the lazy dog",eng
114,Text in Miriam font size 20pt,Pics\,Miriam_20pt_087428.png,"THE QUICK BROWN FOX JUMPS OVER THE LAZY DOG
the quick brown fox jumps over the lazy dog",,,,,,,"THE QUICK BROWN FOX JUMPS OVER THE LAZY DOG
the quick brown fox jumps over the lazy dog",eng
115,Text in Miriam font size 72pt,Pics\,Miriam_72pt_087428.png,"THE QUICK BROWN FOX JUMPS OVER THE LAZY DOG
the quick brown fox jumps over the lazy dog",,,,,,,"THE QUICK BROWN FOX JUMPS OVER THE LAZY DOG
the quick brown fox jumps over the lazy dog",eng
116,Text in Miriam Fixed font size 8pt,Pics\,Miriam Fixed_8pt_087428.png,"THE QUICK BROWN FOX JUMPS OVER THE LAZY DOG
the quick brown fox jumps over the lazy dog",,,,,,,"THE QUICK BROWN FOX JUMPS OVER THE LAZY DOG
the quick brown fox jumps over the lazy dog",eng
117,Text in Miriam Fixed font size 20pt,Pics\,Miriam Fixed_20pt_087428.png,"THE QUICK BROWN FOX JUMPS OVER THE LAZY DOG
the quick brown fox jumps over the lazy dog",,,,,,,"THE QUICK BROWN FOX JUMPS OVER THE LAZY DOG
the quick brown fox jumps over the lazy dog",eng
118,Text in Miriam Fixed font size 72pt,Pics\,Miriam Fixed_72pt_087428.png,"THE QUICK BROWN FOX JUMPS OVER THE LAZY DOG
the quick brown fox jumps over the lazy dog",,,,,,,"THE QUICK BROWN FOX JUMPS OVER THE LAZY DOG
the quick brown fox jumps over the lazy dog",eng
119,Text in MS Gothic font size 8pt,Pics\,MS Gothic_8pt_087428.png,"THE QUICK BROWN FOX JUMPS OVER THE LAZY DOG
the quick brown fox jumps over the lazy dog",,,,,,,"THE QUICK BROWN FOX JUMPS OVER THE LAZY DOG
the quick brown fox jumps over the lazy dog",eng
120,Text in MS Gothic font size 20pt,Pics\,MS Gothic_20pt_087428.png,"THE QUICK BROWN FOX JUMPS OVER THE LAZY DOG
the quick brown fox jumps over the lazy dog",,,,,,,"THE QUICK BROWN FOX JUMPS OVER THE LAZY DOG
the quick brown fox jumps over the lazy dog",eng
121,Text in MS Gothic font size 72pt,Pics\,MS Gothic_72pt_087428.png,"THE QUICK BROWN FOX JUMPS OVER THE LAZY DOG
the quick brown fox jumps over the lazy dog",,,,,,,"THE QUICK BROWN FOX JUMPS OVER THE LAZY DOG
the quick brown fox jumps over the lazy dog",eng
122,Text in Narkisim font size 8pt,Pics\,Narkisim_8pt_087428.png,"THE QUICK BROWN FOX JUMPS OVER THE LAZY DOG
the quick brown fox jumps over the lazy dog",,,,,,,"THE QUICK BROWN FOX JUMPS OVER THE LAZY DOG
the quick brown fox jumps over the lazy dog",eng
123,Text in Narkisim font size 20pt,Pics\,Narkisim_20pt_087428.png,"THE QUICK BROWN FOX JUMPS OVER THE LAZY DOG
the quick brown fox jumps over the lazy dog",,,,,,,"THE QUICK BROWN FOX JUMPS OVER THE LAZY DOG
the quick brown fox jumps over the lazy dog",eng
124,Text in Narkisim font size 72pt,Pics\,Narkisim_72pt_087428.png,"THE QUICK BROWN FOX JUMPS OVER THE LAZY DOG
the quick brown fox jumps over the lazy dog",,,,,,,"THE QUICK BROWN FOX JUMPS OVER THE LAZY DOG
the quick brown fox jumps over the lazy dog",eng
125,Text in Rod font size 8pt,Pics\,Rod_8pt_087428.png,"THE QUICK BROWN FOX JUMPS OVER THE LAZY DOG
the quick brown fox jumps over the lazy dog",,,,,,,"THE QUICK BROWN FOX JUMPS OVER THE LAZY DOG
the quick brown fox jumps over the lazy dog",eng
126,Text in Rod font size 20pt,Pics\,Rod_20pt_087428.png,"THE QUICK BROWN FOX JUMPS OVER THE LAZY DOG
the quick brown fox jumps over the lazy dog",,,,,,,"THE QUICK BROWN FOX JUMPS OVER THE LAZY DOG
the quick brown fox jumps over the lazy dog",eng
127,Text in Rod font size 72pt,Pics\,Rod_72pt_087428.png,"THE QUICK BROWN FOX JUMPS OVER THE LAZY DOG
the quick brown fox jumps over the lazy dog",,,,,,,"THE QUICK BROWN FOX JUMPS OVER THE LAZY DOG
the quick brown fox jumps over the lazy dog",eng
128,Text in Segoe Print font size 8pt,Pics\,Segoe Print_8pt_087428.png,"THE QUICK BROWN FOX JUMPS OVER THE LAZY DOG
the quick brown fox jumps over the lazy dog",,,,,,,"THE QUICK BROWN FOX JUMPS OVER THE LAZY DOG
the quick brown fox jumps over the lazy dog",eng
129,Text in Segoe Print font size 20pt,Pics\,Segoe Print_20pt_087428.png,"THE QUICK BROWN FOX JUMPS OVER THE LAZY DOG
the quick brown fox jumps over the lazy dog",,,,,,,"THE QUICK BROWN FOX JUMPS OVER THE LAZY DOG
the quick brown fox jumps over the lazy dog",eng
130,Text in Segoe Print font size 72pt,Pics\,Segoe Print_72pt_087428.png,"THE QUICK BROWN FOX JUMPS OVER THE LAZY DOG
the quick brown fox jumps over the lazy dog",,,,,,,"THE QUICK BROWN FOX JUMPS OVER THE LAZY DOG
the quick brown fox jumps over the lazy dog",eng
131,Text in Segoe Script font size 8pt,Pics\,Segoe Script_8pt_087428.png,"THE QUICK BROWN FOX JUMPS OVER THE LAZY DOG
the quick brown fox jumps over the lazy dog",,,,,,,"THE QUICK BROWN FOX JUMPS OVER THE LAZY DOG
the quick brown fox jumps over the lazy dog",eng
132,Text in Segoe Script font size 20pt,Pics\,Segoe Script_20pt_087428.png,"THE QUICK BROWN FOX JUMPS OVER THE LAZY DOG
the quick brown fox jumps over the lazy dog",,,,,,,"THE QUICK BROWN FOX JUMPS OVER THE LAZY DOG
the quick brown fox jumps over the lazy dog",eng
133,Text in Segoe Script font size 72pt,Pics\,Segoe Script_72pt_087428.png,"THE QUICK BROWN FOX JUMPS OVER THE LAZY DOG
the quick brown fox jumps over the lazy dog",,,,,,,"THE QUICK BROWN FOX JUMPS OVER THE LAZY DOG
the quick brown fox jumps over the lazy dog",eng
134,Text in Segoe UI font size 8pt,Pics\,Segoe UI_8pt_087428.png,"THE QUICK BROWN FOX JUMPS OVER THE LAZY DOG
the quick brown fox jumps over the lazy dog",,,,,,,"THE QUICK BROWN FOX JUMPS OVER THE LAZY DOG
the quick brown fox jumps over the lazy dog",eng
135,Text in Segoe UI font size 20pt,Pics\,Segoe UI_20pt_087428.png,"THE QUICK BROWN FOX JUMPS OVER THE LAZY DOG
the quick brown fox jumps over the lazy dog",,,,,,,"THE QUICK BROWN FOX JUMPS OVER THE LAZY DOG
the quick brown fox jumps over the lazy dog",eng
136,Text in Segoe UI font size 72pt,Pics\,Segoe UI_72pt_087428.png,"THE QUICK BROWN FOX JUMPS OVER THE LAZY DOG
the quick brown fox jumps over the lazy dog",,,,,,,"THE QUICK BROWN FOX JUMPS OVER THE LAZY DOG
the quick brown fox jumps over the lazy dog",eng
137,Text in Tahoma font size 8pt,Pics\,Tahoma_8pt_087428.png,"THE QUICK BROWN FOX JUMPS OVER THE LAZY DOG
the quick brown fox jumps over the lazy dog",,,,,,,"THE QUICK BROWN FOX JUMPS OVER THE LAZY DOG
the quick brown fox jumps over the lazy dog",eng
138,Text in Tahoma font size 20pt,Pics\,Tahoma_20pt_087428.png,"THE QUICK BROWN FOX JUMPS OVER THE LAZY DOG
the quick brown fox jumps over the lazy dog",,,,,,,"THE QUICK BROWN FOX JUMPS OVER THE LAZY DOG
the quick brown fox jumps over the lazy dog",eng
139,Text in Tahoma font size 72pt,Pics\,Tahoma_72pt_087428.png,"THE QUICK BROWN FOX JUMPS OVER THE LAZY DOG
the quick brown fox jumps over the lazy dog",,,,,,,"THE QUICK BROWN FOX JUMPS OVER THE LAZY DOG
the quick brown fox jumps over the lazy dog",eng
140,Text in Times New Roman font size 8pt,Pics\,Times New Roman_8pt_087428.png,"THE QUICK BROWN FOX JUMPS OVER THE LAZY DOG
the quick brown fox jumps over the lazy dog",,,,,,,"THE QUICK BROWN FOX JUMPS OVER THE LAZY DOG
the quick brown fox jumps over the lazy dog",eng
141,Text in Times New Roman font size 20pt,Pics\,Times New Roman_20pt_087428.png,"THE QUICK BROWN FOX JUMPS OVER THE LAZY DOG
the quick brown fox jumps over the lazy dog",,,,,,,"THE QUICK BROWN FOX JUMPS OVER THE LAZY DOG
the quick brown fox jumps over the lazy dog",eng
142,Text in Times New Roman font size 72pt,Pics\,Times New Roman_72pt_087428.png,"THE QUICK BROWN FOX JUMPS OVER THE LAZY DOG
the quick brown fox jumps over the lazy dog",,,,,,,"THE QUICK BROWN FOX JUMPS OVER THE LAZY DOG
the quick brown fox jumps over the lazy dog",eng
143,Symbols and numbers in Aharoni Bold font size 26pt,Pics\,Aharoni Bold_26pt_620558.png,"1234567890
=\* - + . ( ? ! ) , ""  , ' : ; ",,,,,,,"1234567890
=\* - + . ( ? ! ) , ""  , ' : ; ",eng
144,Symbols and numbers in Arial Black font size 26pt,Pics\,Arial Black_26pt_620558.png,"1234567890
=\* - + . ( ? ! ) , ""  , ' : ; ",,,,,,,"1234567890
=\* - + . ( ? ! ) , ""  , ' : ; ",eng
145,Symbols and numbers in Arial font size 26pt,Pics\,Arial_26pt_620558.png,"1234567890
=\* - + . ( ? ! ) , ""  , ' : ; ",,,,,,,"1234567890
=\* - + . ( ? ! ) , ""  , ' : ; ",eng
146,Symbols and numbers in Bahnschrift font size 26pt,Pics\,Bahnschrift_26pt_620558.png,"1234567890
=\* - + . ( ? ! ) , ""  , ' : ; ",,,,,,,"1234567890
=\* - + . ( ? ! ) , ""  , ' : ; ",eng
147,Symbols and numbers in Calibri font size 26pt,Pics\,Calibri_26pt_620558.png,"1234567890
=\* - + . ( ? ! ) , ""  , ' : ; ",,,,,,,"1234567890
=\* - + . ( ? ! ) , ""  , ' : ; ",eng
148,Symbols and numbers in Cambria Math font size 26pt,Pics\,Cambria Math_26pt_620558.png,"1234567890
=\* - + . ( ? ! ) , ""  , ' : ; ",,,,,,,"1234567890
=\* - + . ( ? ! ) , ""  , ' : ; ",eng
149,Symbols and numbers in Cambria font size 26pt,Pics\,Cambria_26pt_620558.png,"1234567890
=\* - + . ( ? ! ) , ""  , ' : ; ",,,,,,,"1234567890
=\* - + . ( ? ! ) , ""  , ' : ; ",eng
150,Symbols and numbers in Candara font size 26pt,Pics\,Candara_26pt_620558.png,"1234567890
=\* - + . ( ? ! ) , ""  , ' : ; ",,,,,,,"1234567890
=\* - + . ( ? ! ) , ""  , ' : ; ",eng
151,Symbols and numbers in Comic Sans MS font size 26pt,Pics\,Comic Sans MS_26pt_620558.png,"1234567890
=\* - + . ( ? ! ) , ""  , ' : ; ",,,,,,,"1234567890
=\* - + . ( ? ! ) , ""  , ' : ; ",eng
152,Symbols and numbers in Consolas font size 26pt,Pics\,Consolas_26pt_620558.png,"1234567890
=\* - + . ( ? ! ) , ""  , ' : ; ",,,,,,,"1234567890
=\* - + . ( ? ! ) , ""  , ' : ; ",eng
153,Symbols and numbers in Constantia font size 26pt,Pics\,Constantia_26pt_620558.png,"1234567890
=\* - + . ( ? ! ) , ""  , ' : ; ",,,,,,,"1234567890
=\* - + . ( ? ! ) , ""  , ' : ; ",eng
154,Symbols and numbers in Corbel font size 26pt,Pics\,Corbel_26pt_620558.png,"1234567890
=\* - + . ( ? ! ) , ""  , ' : ; ",,,,,,,"1234567890
=\* - + . ( ? ! ) , ""  , ' : ; ",eng
155,Symbols and numbers in Courier New font size 26pt,Pics\,Courier New_26pt_620558.png,"1234567890
=\* - + . ( ? ! ) , ""  , ' : ; ",,,,,,,"1234567890
=\* - + . ( ? ! ) , ""  , ' : ; ",eng
156,Symbols and numbers in David Bold font size 26pt,Pics\,David Bold_26pt_620558.png,"1234567890
=\* - + . ( ? ! ) , ""  , ' : ; ",,,,,,,"1234567890
=\* - + . ( ? ! ) , ""  , ' : ; ",eng
157,Symbols and numbers in David font size 26pt,Pics\,David_26pt_620558.png,"1234567890
=\* - + . ( ? ! ) , ""  , ' : ; ",,,,,,,"1234567890
=\* - + . ( ? ! ) , ""  , ' : ; ",eng
158,Symbols and numbers in Ebrima font size 26pt,Pics\,Ebrima_26pt_620558.png,"1234567890
=\* - + . ( ? ! ) , ""  , ' : ; ",,,,,,,"1234567890
=\* - + . ( ? ! ) , ""  , ' : ; ",eng
159,Symbols and numbers in Forte font size 26pt,Pics\,Forte_26pt_620558.png,"1234567890
=\* - + . ( ? ! ) , ""  , ' : ; ",,,,,,,"1234567890
=\* - + . ( ? ! ) , ""  , ' : ; ",eng
160,Symbols and numbers in Franklin Gothic Medium font size 26pt,Pics\,Franklin Gothic Medium_26pt_620558.png,"1234567890
=\* - + . ( ? ! ) , ""  , ' : ; ",,,,,,,"1234567890
=\* - + . ( ? ! ) , ""  , ' : ; ",eng
161,Symbols and numbers in FrankRuehl font size 26pt,Pics\,FrankRuehl_26pt_620558.png,"1234567890
=\* - + . ( ? ! ) , ""  , ' : ; ",,,,,,,"1234567890
=\* - + . ( ? ! ) , ""  , ' : ; ",eng
162,Symbols and numbers in Gabriola font size 26pt,Pics\,Gabriola_26pt_620558.png,"1234567890
=\* - + . ( ? ! ) , ""  , ' : ; ",,,,,,,"1234567890
=\* - + . ( ? ! ) , ""  , ' : ; ",eng
163,Symbols and numbers in Gadugi font size 26pt,Pics\,Gadugi_26pt_620558.png,"1234567890
=\* - + . ( ? ! ) , ""  , ' : ; ",,,,,,,"1234567890
=\* - + . ( ? ! ) , ""  , ' : ; ",eng
164,Symbols and numbers in Georgia font size 26pt,Pics\,Georgia_26pt_620558.png,"1234567890
=\* - + . ( ? ! ) , ""  , ' : ; ",,,,,,,"1234567890
=\* - + . ( ? ! ) , ""  , ' : ; ",eng
165,Symbols and numbers in Gisha Bold font size 26pt,Pics\,Gisha Bold_26pt_620558.png,"1234567890
=\* - + . ( ? ! ) , ""  , ' : ; ",,,,,,,"1234567890
=\* - + . ( ? ! ) , ""  , ' : ; ",eng
166,Symbols and numbers in Gisha font size 26pt,Pics\,Gisha_26pt_620558.png,"1234567890
=\* - + . ( ? ! ) , ""  , ' : ; ",,,,,,,"1234567890
=\* - + . ( ? ! ) , ""  , ' : ; ",eng
167,Symbols and numbers in Impact font size 26pt,Pics\,Impact_26pt_620558.png,"1234567890
=\* - + . ( ? ! ) , ""  , ' : ; ",,,,,,,"1234567890
=\* - + . ( ? ! ) , ""  , ' : ; ",eng
168,Symbols and numbers in Ink Free font size 26pt,Pics\,Ink Free_26pt_620558.png,"1234567890
=\* - + . ( ? ! ) , ""  , ' : ; ",,,,,,,"1234567890
=\* - + . ( ? ! ) , ""  , ' : ; ",eng
169,Symbols and numbers in Levenim MT Bold font size 26pt,Pics\,Levenim MT Bold_26pt_620558.png,"1234567890
=\* - + . ( ? ! ) , ""  , ' : ; ",,,,,,,"1234567890
=\* - + . ( ? ! ) , ""  , ' : ; ",eng
170,Symbols and numbers in Levenim MT font size 26pt,Pics\,Levenim MT_26pt_620558.png,"1234567890
=\* - + . ( ? ! ) , ""  , ' : ; ",,,,,,,"1234567890
=\* - + . ( ? ! ) , ""  , ' : ; ",eng
171,Symbols and numbers in Lucida Console font size 26pt,Pics\,Lucida Console_26pt_620558.png,"1234567890
=\* - + . ( ? ! ) , ""  , ' : ; ",,,,,,,"1234567890
=\* - + . ( ? ! ) , ""  , ' : ; ",eng
172,Symbols and numbers in Lucida Sans Unicode font size 26pt,Pics\,Lucida Sans Unicode_26pt_620558.png,"1234567890
=\* - + . ( ? ! ) , ""  , ' : ; ",,,,,,,"1234567890
=\* - + . ( ? ! ) , ""  , ' : ; ",eng
173,Symbols and numbers in Marlett font size 26pt,Pics\,Marlett_26pt_620558.png,"1234567890
=\* - + . ( ? ! ) , ""  , ' : ; ",,,,,,,"1234567890
=\* - + . ( ? ! ) , ""  , ' : ; ",eng
174,Symbols and numbers in Microsoft Sans Serif font size 26pt,Pics\,Microsoft Sans Serif_26pt_620558.png,"1234567890
=\* - + . ( ? ! ) , ""  , ' : ; ",,,,,,,"1234567890
=\* - + . ( ? ! ) , ""  , ' : ; ",eng
175,Symbols and numbers in Miriam Fixed font size 26pt,Pics\,Miriam Fixed_26pt_620558.png,"1234567890
=\* - + . ( ? ! ) , ""  , ' : ; ",,,,,,,"1234567890
=\* - + . ( ? ! ) , ""  , ' : ; ",eng
176,Symbols and numbers in Miriam font size 26pt,Pics\,Miriam_26pt_620558.png,"1234567890
=\* - + . ( ? ! ) , ""  , ' : ; ",,,,,,,"1234567890
=\* - + . ( ? ! ) , ""  , ' : ; ",eng
177,Symbols and numbers in MS Gothic font size 26pt,Pics\,MS Gothic_26pt_620558.png,"1234567890
=\* - + . ( ? ! ) , ""  , ' : ; ",,,,,,,"1234567890
=\* - + . ( ? ! ) , ""  , ' : ; ",eng
178,Symbols and numbers in Narkisim font size 26pt,Pics\,Narkisim_26pt_620558.png,"1234567890
=\* - + . ( ? ! ) , ""  , ' : ; ",,,,,,,"1234567890
=\* - + . ( ? ! ) , ""  , ' : ; ",eng
179,Symbols and numbers in Rod font size 26pt,Pics\,Rod_26pt_620558.png,"1234567890
=\* - + . ( ? ! ) , ""  , ' : ; ",,,,,,,"1234567890
=\* - + . ( ? ! ) , ""  , ' : ; ",eng
180,Symbols and numbers in Segoe Print font size 26pt,Pics\,Segoe Print_26pt_620558.png,"1234567890
=\* - + . ( ? ! ) , ""  , ' : ; ",,,,,,,"1234567890
=\* - + . ( ? ! ) , ""  , ' : ; ",eng
181,Symbols and numbers in Segoe Script font size 26pt,Pics\,Segoe Script_26pt_620558.png,"1234567890
=\* - + . ( ? ! ) , ""  , ' : ; ",,,,,,,"1234567890
=\* - + . ( ? ! ) , ""  , ' : ; ",eng
182,Symbols and numbers in Segoe UI font size 26pt,Pics\,Segoe UI_26pt_620558.png,"1234567890
=\* - + . ( ? ! ) , ""  , ' : ; ",,,,,,,"1234567890
=\* - + . ( ? ! ) , ""  , ' : ; ",eng
183,Symbols and numbers in Tahoma font size 26pt,Pics\,Tahoma_26pt_620558.png,"1234567890
=\* - + . ( ? ! ) , ""  , ' : ; ",,,,,,,"1234567890
=\* - + . ( ? ! ) , ""  , ' : ; ",eng
184,Symbols and numbers in Times New Roman font size 26pt,Pics\,Times New Roman_26pt_620558.png,"1234567890
=\* - + . ( ? ! ) , ""  , ' : ; ",,,,,,,"1234567890
=\* - + . ( ? ! ) , ""  , ' : ; ",eng
185,Multi line English,Pics\,Arial_26pt_903135.png,"The five boxing wizards- jump quickly.
Jackdaws 29 LOVE my big sphinx of quaRtz?
Sphinx of 3 black quartz, judge my vow!
The five boxing wizards, jump quickly
Pack my box with five dozen liquor jugs.",,,,,,,"The five boxing wizards- jump quickly.
Jackdaws 29 LOVE my big sphinx of quaRtz?
Sphinx of 3 black quartz, judge my vow!
The five boxing wizards, jump quickly
Pack my box with five dozen liquor jugs.",eng
186,Multi lines and spaces English,Pics\,Arial_26pt_059473.png,"The five boxing wizards jump quickly.
Jackdaws LOVE my big sphinx of quaRtz?
Sphinx of black quartz, judge my vow!
The fiv e b oxing wizards, jump quickly
Pack my box with five dozen liquor jugs.",,,,,,,"The five boxing wizards jump quickly.
Jackdaws LOVE my big sphinx of quaRtz?
Sphinx of black quartz, judge my vow!
The fiv e b oxing wizards, jump quickly
Pack my box with five dozen liquor jugs.",eng
187,Multi Spaces English,Pics\,Arial_26pt_977448.png,The five boxing Wiz a rds ju mp quickly,,,,,,,The five boxing Wiz a rds ju mp quickly,eng
188,Single line Hebrew,Pics\,Arial_26pt_047199.png,"לביא 65, טרף גמד זקן 36 שחסך הצעות",,,,,,,"לביא 65, טרף גמד זקן 36 שחסך הצעות",heb
189,Multi line Hebrew,Pics\,Arial_26pt_442364.png,"גנב שהעז אכל חינם צדף קר
כפיל שקט נסע בג דה צרח ואז מת 
עצבת חטא סרק יזום כנגד פשלה
לביא טרף גמד זקן שחסך הצעות
איך בלש תפס גמד רוצח עז קטנה",,,,,,,"גנב שהעז אכל חינם צדף קר
כפיל שקט נסע בג דה צרח ואז מת 
עצבת חטא סרק יזום כנגד פשלה
לביא טרף גמד זקן שחסך הצעות
איך בלש תפס גמד רוצח עז קטנה",heb
190,Multi lines and spaces Hebrew,Pics\,Arial_26pt_618903.png,"גנב שהעז אכל חינם צדף קר
כפיל שקט נסע בג דה צרח ואז מת 
עצבת חטא סרק יזום כנגד פשלה
לביא טרף גמד זקן שחסך הצעות
איך בלש תפס גמד רוצח עז קטנה",,,,,,,"גנב שהעז אכל חינם צדף קר
כפיל שקט נסע בג דה צרח ואז מת 
עצבת חטא סרק יזום כנגד פשלה
לביא טרף גמד זקן שחסך הצעות
איך בלש תפס גמד רוצח עז קטנה",heb
191,Multi Spaces Hebrew,Pics\,Arial_26pt_558584.png,עצבת ח טא סרק יזום כנ ג ד פש ל ה,,,,,,,עצבת ח טא סרק יזום כנ ג ד פש ל ה,heb
192,Single line swidsh,Pics\,calibri_26pt_468057.png,"Yxskaftbud, ge vår WC-zonmö IQ-hjälp",,,,,,,"Yxskaftbud, ge vår WC-zonmö IQ-hjälp",swe
193,Multi line swidsh,Pics\,calibri_26pt_394892.png,"Yxskaf t b ud, ge vår W C-zon mö IQ-hjäl p
Gud hjälpe Zorns mö qvickt få byXA
Byxfjärmat föl gick på duvshowen.
Zorns mö qvickt få.
Yxskaf t b ud, ge qvickt",,,,,,,"Yxskaf t b ud, ge vår W C-zon mö IQ-hjäl p
Gud hjälpe Zorns mö qvickt få byXA
Byxfjärmat föl gick på duvshowen.
Zorns mö qvickt få.
Yxskaf t b ud, ge qvickt",swe
194,Multi lines and spaces swidsh,Pics\,calibri_26pt_510969.png,"Yxskaf t b ud, ge vår W C-zon mö IQ-hjäl p
 Gud hjälpe Zorns mö qvickt få byXA
 Byxfjärmat föl gick på duvshowen.
 Zorns mö qvickt få.
 Yxskaf t b ud, ge qvickt",,,,,,,"Yxskaf t b ud, ge vår W C-zon mö IQ-hjäl p
 Gud hjälpe Zorns mö qvickt få byXA
 Byxfjärmat föl gick på duvshowen.
 Zorns mö qvickt få.
 Yxskaf t b ud, ge qvickt",swe
195,Multi Spaces swidsh,Pics\,calibri_26pt_846874.png,"Yxskaf t b ud, ge vår W C-zon mö IQ-hjäl p",,,,,,,"Yxskaf t b ud, ge vår W C-zon mö IQ-hjäl p",swe
196,Single line spanish,Pics\,calibri_26pt_763472.png,"Benjamín pidió una bebida de kiwi y fresa. Noé, sin vergüenza, la más exquisita champaña del menú",,,,,,,"Benjamín pidió una bebida de kiwi y fresa. Noé, sin vergüenza, la más exquisita champaña del menú",spa
197,Multi line spanish,Pics\,calibri_26pt_666332.png,"Benjamín pidió una bebida de kiwi y fresa.
El pingüino Wenceslao hizo kilómetros bajo exhaustiva 
lluvia y frío, añoraba a su querido cachorro 
exquisita champaña del menú!
pidió una bebida de kiwi",,,,,,,"Benjamín pidió una bebida de kiwi y fresa.
El pingüino Wenceslao hizo kilómetros bajo exhaustiva 
lluvia y frío, añoraba a su querido cachorro 
exquisita champaña del menú!
pidió una bebida de kiwi",spa
198,Multi lines and spaces spanish,Pics\,calibri_26pt_866563.png,"Benjamín pidió una bebida de kiwi y fresa.
El pingüino Wenceslao hizo kilómetros bajo exhaustiva 
lluvia y frío, añoraba a su querido cachorro 
exquisita champaña del menú!
pidió una bebida de kiwi",,,,,,,"Benjamín pidió una bebida de kiwi y fresa.
El pingüino Wenceslao hizo kilómetros bajo exhaustiva 
lluvia y frío, añoraba a su querido cachorro 
exquisita champaña del menú!
pidió una bebida de kiwi",spa
199,Multi Spaces spanish,Pics\,calibri_26pt_452411.png,"Benjamín pidió u na, bebida de ki wi y f res a.",,,,,,,"Benjamín pidió u na, bebida de ki wi y f res a.",spa
